{
  "RandEC": {
    "fpr": [
      0,
      0.8333333333333334,
      0.8333333333333334,
      0.8333333333333334,
      0.8333333333333334,
      0.8333333333333334,
      1.6666666666666667,
      1.6666666666666667,
      1.6666666666666667,
      1.6666666666666667,
      1.6666666666666667,
      1.6666666666666667,
      100
    ],
    "tpr": [
      0,
      0.0,
      88.33333333333333,
      98.33333333333333,
      100.0,
      100.0,
      100.0,
      100.0,
      100.0,
      100.0,
      100.0,
      100.0,
      100
    ]
  },
  "GreedyEC": {
    "fpr": [
      0,
      0.0,
      1.6666666666666667,
      1.6666666666666667,
      1.6666666666666667,
      1.6666666666666667,
      1.6666666666666667,
      1.6666666666666667,
      1.6666666666666667,
      1.6666666666666667,
      1.6666666666666667,
      1.6666666666666667,
      100
    ],
    "tpr": [
      0,
      0.0,
      90.0,
      99.16666666666667,
      99.16666666666667,
      99.16666666666667,
      99.16666666666667,
      99.16666666666667,
      99.16666666666667,
      99.16666666666667,
      99.16666666666667,
      99.16666666666667,
      100
    ]
  },
  "GradEC": {
    "fpr": [
      0,
      0.8333333333333334,
      1.6666666666666667,
      1.6666666666666667,
      1.6666666666666667,
      1.6666666666666667,
      1.6666666666666667,
      1.6666666666666667,
      1.6666666666666667,
      2.5,
      2.5,
      2.5,
      100
    ],
    "tpr": [
      0,
      0.0,
      0.0,
      0.8333333333333334,
      2.5,
      3.3333333333333335,
      4.166666666666666,
      4.166666666666666,
      5.0,
      5.0,
      5.0,
      5.833333333333333,
      100
    ]
  }
}