{
  "RandEC": {
    "fpr": [
      0,
      0.8333333333333334,
      0.8333333333333334,
      0.8333333333333334,
      1.6666666666666667,
      1.6666666666666667,
      1.6666666666666667,
      1.6666666666666667,
      0.8333333333333334,
      1.6666666666666667,
      1.6666666666666667,
      100
    ],
    "tpr": [
      0,
      81.66666666666667,
      97.5,
      99.16666666666667,
      100.0,
      100.0,
      100.0,
      100.0,
      100.0,
      100.0,
      100.0,
      100
    ]
  },
  "GreedyEC": {
    "fpr": [
      0,
      0.0,
      0.8333333333333334,
      0.8333333333333334,
      1.6666666666666667,
      1.6666666666666667,
      1.6666666666666667,
      1.6666666666666667,
      1.6666666666666667,
      1.6666666666666667,
      1.6666666666666667,
      1.6666666666666667,
      100
    ],
    "tpr": [
      0,
      0.0,
      48.333333333333336,
      92.5,
      99.16666666666667,
      100.0,
      100.0,
      100.0,
      100.0,
      100.0,
      100.0,
      100.0,
      100
    ]
  },
  "GradEC": {
    "fpr": [
      0,
      0.8333333333333334,
      1.6666666666666667,
      2.5,
      3.3333333333333335,
      3.3333333333333335,
      3.3333333333333335,
      3.3333333333333335,
      3.3333333333333335,
      3.3333333333333335,
      3.3333333333333335,
      3.3333333333333335,
      100
    ],
    "tpr": [
      0,
      0.0,
      72.5,
      87.5,
      88.33333333333333,
      89.16666666666667,
      89.16666666666667,
      89.16666666666667,
      89.16666666666667,
      89.16666666666667,
      89.16666666666667,
      89.16666666666667,
      100
    ]
  },
  "GreedyGradEC": {
    "fpr": [
      0,
      0.0,
      3.3333333333333335,
      4.166666666666666,
      4.166666666666666,
      4.166666666666666,
      4.166666666666666,
      4.166666666666666,
      4.166666666666666,
      4.166666666666666,
      4.166666666666666,
      4.166666666666666,
      100
    ],
    "tpr": [
      0,
      0.0,
      73.33333333333333,
      88.33333333333333,
      89.16666666666667,
      90.83333333333333,
      91.66666666666666,
      91.66666666666666,
      92.5,
      92.5,
      92.5,
      92.5,
      100
    ]
  }
}