{
  "RandEC": {
    "fpr": [
      0,
      0.8333333333333334,
      0.8333333333333334,
      0.8333333333333334,
      0.8333333333333334,
      1.6666666666666667,
      0.8333333333333334,
      0.8333333333333334,
      1.6666666666666667,
      1.6666666666666667,
      1.6666666666666667,
      100
    ],
    "tpr": [
      0,
      74.16666666666667,
      95.0,
      99.16666666666667,
      100.0,
      99.16666666666667,
      100.0,
      100.0,
      100.0,
      100.0,
      100.0,
      100
    ]
  },
  "GreedyEC": {
    "fpr": [
      0,
      0.0,
      0.8333333333333334,
      0.8333333333333334,
      0.8333333333333334,
      0.8333333333333334,
      0.8333333333333334,
      1.6666666666666667,
      1.6666666666666667,
      1.6666666666666667,
      1.6666666666666667,
      1.6666666666666667,
      100
    ],
    "tpr": [
      0,
      0.0,
      15.833333333333332,
      85.83333333333333,
      96.66666666666667,
      100.0,
      100.0,
      100.0,
      100.0,
      100.0,
      100.0,
      100.0,
      100
    ]
  },
  "GradEC": {
    "fpr": [
      0,
      1.6666666666666667,
      1.6666666666666667,
      1.6666666666666667,
      1.6666666666666667,
      1.6666666666666667,
      1.6666666666666667,
      1.6666666666666667,
      1.6666666666666667,
      1.6666666666666667,
      1.6666666666666667,
      100
    ],
    "tpr": [
      0,
      51.66666666666667,
      73.33333333333333,
      80.0,
      81.66666666666667,
      83.33333333333334,
      84.16666666666667,
      85.0,
      85.83333333333333,
      86.66666666666667,
      86.66666666666667,
      100
    ]
  },
  "GreedyGradEC": {
    "fpr": [
      0,
      0.0,
      0.0,
      0.0,
      0.0,
      0.0,
      0.0,
      0.0,
      0.0,
      0.0,
      0.0,
      0.0,
      100
    ],
    "tpr": [
      0,
      0.0,
      10.833333333333334,
      12.5,
      14.166666666666666,
      14.166666666666666,
      14.166666666666666,
      14.166666666666666,
      14.166666666666666,
      14.166666666666666,
      14.166666666666666,
      14.166666666666666,
      100
    ]
  }
}