{
  "RandEC": {
    "fpr": [
      0,
      0.8333333333333334,
      0.8333333333333334,
      0.8333333333333334,
      0.8333333333333334,
      0.8333333333333334,
      1.6666666666666667,
      1.6666666666666667,
      1.6666666666666667,
      1.6666666666666667,
      1.6666666666666667,
      1.6666666666666667,
      100
    ],
    "tpr": [
      0,
      0.0,
      88.33333333333333,
      98.33333333333333,
      100.0,
      100.0,
      100.0,
      100.0,
      100.0,
      100.0,
      100.0,
      100.0,
      100
    ]
  },
  "GreedyEC": {
    "fpr": [
      0,
      0.0,
      1.6666666666666667,
      1.6666666666666667,
      1.6666666666666667,
      1.6666666666666667,
      1.6666666666666667,
      1.6666666666666667,
      1.6666666666666667,
      1.6666666666666667,
      1.6666666666666667,
      1.6666666666666667,
      100
    ],
    "tpr": [
      0,
      0.0,
      90.0,
      99.16666666666667,
      99.16666666666667,
      99.16666666666667,
      99.16666666666667,
      99.16666666666667,
      99.16666666666667,
      99.16666666666667,
      99.16666666666667,
      99.16666666666667,
      100
    ]
  },
  "GradEC": {
    "fpr": [
      0,
      0.8333333333333334,
      3.3333333333333335,
      3.3333333333333335,
      3.3333333333333335,
      3.3333333333333335,
      3.3333333333333335,
      3.3333333333333335,
      3.3333333333333335,
      3.3333333333333335,
      3.3333333333333335,
      3.3333333333333335,
      100
    ],
    "tpr": [
      0,
      0.0,
      47.5,
      50.0,
      51.66666666666667,
      52.5,
      52.5,
      52.5,
      52.5,
      52.5,
      53.333333333333336,
      53.333333333333336,
      100
    ]
  },
  "GreedyGradEC": {
    "fpr": [
      0,
      0.0,
      4.166666666666666,
      4.166666666666666,
      4.166666666666666,
      4.166666666666666,
      4.166666666666666,
      4.166666666666666,
      4.166666666666666,
      4.166666666666666,
      4.166666666666666,
      4.166666666666666,
      100
    ],
    "tpr": [
      0,
      0.0,
      51.66666666666667,
      55.833333333333336,
      56.666666666666664,
      57.49999999999999,
      58.333333333333336,
      60.0,
      60.0,
      60.0,
      60.0,
      60.0,
      100
    ]
  }
}