{
  "RandEC": {
    "fpr": [
      0,
      0.8333333333333334,
      1.6666666666666667,
      0.8333333333333334,
      0.8333333333333334,
      1.6666666666666667,
      1.6666666666666667,
      1.6666666666666667,
      1.6666666666666667,
      1.6666666666666667,
      1.6666666666666667,
      100
    ],
    "tpr": [
      0,
      79.16666666666666,
      96.66666666666667,
      98.33333333333333,
      100.0,
      100.0,
      100.0,
      100.0,
      100.0,
      100.0,
      100.0,
      100
    ]
  },
  "GreedyEC": {
    "fpr": [
      0,
      0.8333333333333334,
      1.6666666666666667,
      1.6666666666666667,
      1.6666666666666667,
      1.6666666666666667,
      1.6666666666666667,
      1.6666666666666667,
      1.6666666666666667,
      1.6666666666666667,
      1.6666666666666667,
      100
    ],
    "tpr": [
      0,
      68.33333333333333,
      97.5,
      98.33333333333333,
      100.0,
      100.0,
      100.0,
      100.0,
      100.0,
      100.0,
      100.0,
      100
    ]
  },
  "GradEC": {
    "fpr": [
      0,
      0.8333333333333334,
      1.6666666666666667,
      3.3333333333333335,
      3.3333333333333335,
      3.3333333333333335,
      3.3333333333333335,
      3.3333333333333335,
      3.3333333333333335,
      3.3333333333333335,
      3.3333333333333335,
      3.3333333333333335,
      100
    ],
    "tpr": [
      0,
      0.0,
      76.66666666666667,
      84.16666666666667,
      85.0,
      85.0,
      85.0,
      85.0,
      85.0,
      85.0,
      85.0,
      85.0,
      100
    ]
  },
  "GreedyGradEC": {
    "fpr": [
      0,
      0.0,
      4.166666666666666,
      4.166666666666666,
      4.166666666666666,
      4.166666666666666,
      4.166666666666666,
      4.166666666666666,
      4.166666666666666,
      4.166666666666666,
      4.166666666666666,
      4.166666666666666,
      100
    ],
    "tpr": [
      0,
      0.0,
      60.83333333333333,
      65.83333333333333,
      67.5,
      69.16666666666667,
      70.0,
      70.83333333333334,
      70.83333333333334,
      70.83333333333334,
      70.83333333333334,
      70.83333333333334,
      100
    ]
  }
}