{
  "RandEC": {
    "fpr": [
      0,
      0.8333333333333334,
      0.8333333333333334,
      0.8333333333333334,
      1.6666666666666667,
      1.6666666666666667,
      1.6666666666666667,
      1.6666666666666667,
      0.8333333333333334,
      1.6666666666666667,
      1.6666666666666667,
      100
    ],
    "tpr": [
      0,
      81.66666666666667,
      97.5,
      99.16666666666667,
      100.0,
      100.0,
      100.0,
      100.0,
      100.0,
      100.0,
      100.0,
      100
    ]
  },
  "GreedyEC": {
    "fpr": [
      0,
      0.8333333333333334,
      0.8333333333333334,
      1.6666666666666667,
      1.6666666666666667,
      1.6666666666666667,
      1.6666666666666667,
      1.6666666666666667,
      1.6666666666666667,
      1.6666666666666667,
      1.6666666666666667,
      100
    ],
    "tpr": [
      0,
      48.333333333333336,
      92.5,
      99.16666666666667,
      100.0,
      100.0,
      100.0,
      100.0,
      100.0,
      100.0,
      100.0,
      100
    ]
  },
  "GradEC": {
    "fpr": [
      0,
      1.6666666666666667,
      1.6666666666666667,
      1.6666666666666667,
      1.6666666666666667,
      1.6666666666666667,
      1.6666666666666667,
      1.6666666666666667,
      1.6666666666666667,
      1.6666666666666667,
      1.6666666666666667,
      100
    ],
    "tpr": [
      0,
      30.0,
      45.0,
      48.333333333333336,
      52.5,
      55.00000000000001,
      60.83333333333333,
      60.83333333333333,
      61.66666666666667,
      61.66666666666667,
      63.33333333333333,
      100
    ]
  }
}