{
  "RandEC": {
    "fpr": [
      0,
      0.8333333333333334,
      1.6666666666666667,
      0.8333333333333334,
      0.8333333333333334,
      1.6666666666666667,
      1.6666666666666667,
      1.6666666666666667,
      1.6666666666666667,
      1.6666666666666667,
      1.6666666666666667,
      100
    ],
    "tpr": [
      0,
      79.16666666666666,
      96.66666666666667,
      98.33333333333333,
      100.0,
      100.0,
      100.0,
      100.0,
      100.0,
      100.0,
      100.0,
      100
    ]
  },
  "GreedyEC": {
    "fpr": [
      0,
      0.8333333333333334,
      1.6666666666666667,
      1.6666666666666667,
      1.6666666666666667,
      1.6666666666666667,
      1.6666666666666667,
      1.6666666666666667,
      1.6666666666666667,
      1.6666666666666667,
      1.6666666666666667,
      100
    ],
    "tpr": [
      0,
      68.33333333333333,
      97.5,
      98.33333333333333,
      100.0,
      100.0,
      100.0,
      100.0,
      100.0,
      100.0,
      100.0,
      100
    ]
  },
  "GradEC": {
    "fpr": [
      0,
      1.6666666666666667,
      1.6666666666666667,
      1.6666666666666667,
      1.6666666666666667,
      1.6666666666666667,
      1.6666666666666667,
      1.6666666666666667,
      1.6666666666666667,
      1.6666666666666667,
      1.6666666666666667,
      100
    ],
    "tpr": [
      0,
      9.166666666666666,
      12.5,
      12.5,
      12.5,
      15.0,
      15.0,
      15.0,
      16.666666666666664,
      16.666666666666664,
      17.5,
      100
    ]
  }
}