{
  "RandEC": {
    "fpr": [
      0,
      0.8333333333333334,
      0.8333333333333334,
      0.8333333333333334,
      0.8333333333333334,
      0.8333333333333334,
      1.6666666666666667,
      1.6666666666666667,
      0.8333333333333334,
      1.6666666666666667,
      1.6666666666666667,
      100
    ],
    "tpr": [
      0,
      81.66666666666667,
      98.33333333333333,
      100.0,
      100.0,
      100.0,
      100.0,
      100.0,
      100.0,
      100.0,
      100.0,
      100
    ]
  },
  "GreedyEC": {
    "fpr": [
      0,
      0.8333333333333334,
      1.6666666666666667,
      1.6666666666666667,
      1.6666666666666667,
      1.6666666666666667,
      1.6666666666666667,
      1.6666666666666667,
      1.6666666666666667,
      1.6666666666666667,
      1.6666666666666667,
      100
    ],
    "tpr": [
      0,
      90.83333333333333,
      99.16666666666667,
      100.0,
      100.0,
      100.0,
      100.0,
      100.0,
      100.0,
      100.0,
      100.0,
      100
    ]
  },
  "GradEC": {
    "fpr": [
      0,
      0.8333333333333334,
      1.6666666666666667,
      1.6666666666666667,
      1.6666666666666667,
      1.6666666666666667,
      1.6666666666666667,
      1.6666666666666667,
      1.6666666666666667,
      1.6666666666666667,
      1.6666666666666667,
      2.5,
      100
    ],
    "tpr": [
      0,
      0.0,
      0.0,
      0.8333333333333334,
      0.8333333333333334,
      0.8333333333333334,
      0.8333333333333334,
      0.8333333333333334,
      0.8333333333333334,
      0.8333333333333334,
      0.8333333333333334,
      0.8333333333333334,
      100
    ]
  }
}