{
  "{'sampling_ratio': 0.3}": {
    "{'adv_tok': 0}": {
      "percent_harmful": 98.5,
      "time_per_prompt": 19.88142141699791,
      "percent_harmful_se": 0.8616625276509295,
      "time_per_prompt_se": 0.3610747823086127
    }
  }
}