{
  "{'num_adv': 1}": {
    "{'max_erase': 0}": {
      "percent_safe": 100.0,
      "time_per_prompt": 0.0068252245585123696
    },
    "{'max_erase': 4}": {
      "percent_safe": 98.33333333333333,
      "time_per_prompt": 0.16686458388964334
    },
    "{'max_erase': 8}": {
      "percent_safe": 98.33333333333333,
      "time_per_prompt": 0.269379464785258
    },
    "{'max_erase': 12}": {
      "percent_safe": 98.33333333333333,
      "time_per_prompt": 0.3163710196812948
    },
    "{'max_erase': 20}": {
      "percent_safe": 98.33333333333333,
      "time_per_prompt": 0.3353710393110911
    },
    "{'max_erase': 30}": {
      "percent_safe": 98.33333333333333,
      "time_per_prompt": 0.3172818680604299
    }
  }
}