{
  "{'model': 'Llama 2'}" : {
    "{'max_erase': 0}": {
      "percent_safe": 100.0,
      "time_per_prompt": 0.11227636456489563
    },
    "{'max_erase': 4}": {
      "percent_safe": 97.0,
      "time_per_prompt": 5.785537713766098
    },
    "{'max_erase': 8}": {
      "percent_safe": 94.5,
      "time_per_prompt": 9.389040935039521
    },
    "{'max_erase': 12}": {
      "percent_safe": 91.0,
      "time_per_prompt": 10.905969203710557
    }
  },
  "{'model': 'DistilBERT'}" : {
    "{'max_erase': 0}": {
      "percent_safe": 100.0,
      "time_per_prompt": 0.006361818313598633
    },
    "{'max_erase': 4}": {
      "percent_safe": 98.33333333333333,
      "time_per_prompt": 0.15425620277722676
    },
    "{'max_erase': 8}": {
      "percent_safe": 98.33333333333333,
      "time_per_prompt": 0.24571210543314617
    },
    "{'max_erase': 12}": {
      "percent_safe": 98.33333333333333,
      "time_per_prompt": 0.28862740794817604
    }
  }
}