{
  "{'max_erase': 0}": {
    "percent_safe": 100.0,
    "time_per_prompt": 0.11571495771408082,
    "percent_safe_se": 0.0,
    "time_per_prompt_se": 0.00815061554312706
  },
  "{'max_erase': 1}": {
    "percent_safe": 100.0,
    "time_per_prompt": 1.5693106508255006,
    "percent_safe_se": 0.0,
    "time_per_prompt_se": 0.041429027915000916
  },
  "{'max_erase': 2}": {
    "percent_safe": 100.0,
    "time_per_prompt": 11.812546474933624,
    "percent_safe_se": 0.0,
    "time_per_prompt_se": 0.5386357784271241
  },
  "{'max_erase': 3}": {
    "percent_safe": 92.0,
    "time_per_prompt": 61.264939861297606,
    "percent_safe_se": 2.7265992434429074,
    "time_per_prompt_se": 5.980801773071289
  }
}