{
  "{'max_erase': 0}": {
    "percent_safe": 100.0,
    "time_per_prompt": 0.006420121590296427
  },
  "{'max_erase': 1}": {
    "percent_safe": 100.0,
    "time_per_prompt": 0.04939260284105937
  },
  "{'max_erase': 2}": {
    "percent_safe": 100.0,
    "time_per_prompt": 0.3160832385222117
  },
  "{'max_erase': 3}": {
    "percent_safe": 100.0,
    "time_per_prompt": 1.3775485714276632
  }
}