{
  "{'max_erase': 0}": {
    "percent_safe": 100.0,
    "time_per_prompt": 0.017968438069025674
  },
  "{'max_erase': 1}": {
    "percent_safe": 99.16666666666667,
    "time_per_prompt": 0.048823084433873495
  },
  "{'max_erase': 2}": {
    "percent_safe": 98.33333333333333,
    "time_per_prompt": 0.3101462523142497
  },
  "{'max_erase': 3}": {
    "percent_safe": 98.33333333333333,
    "time_per_prompt": 1.37476966381073
  }
}