{
  "{'max_erase': 0}": {
    "percent_safe": 100.0,
    "time_per_prompt": 0.11770108296320989
  },
  "{'max_erase': 10}": {
    "percent_safe": 97.5,
    "time_per_prompt": 1.1047833488537715
  },
  "{'max_erase': 20}": {
    "percent_safe": 97.3076923076923,
    "time_per_prompt": 1.1728679340619308
  },
  "{'max_erase': 30}": {
    "percent_safe": 97.3076923076923,
    "time_per_prompt": 1.1693950125804313
  }
}