{
  "{'max_erase': 0}": {
    "percent_safe": 100.0,
    "time_per_prompt": 0.10746274269544161
  },
  "{'max_erase': 10}": {
    "percent_safe": 97.5,
    "time_per_prompt": 1.085170398767178
  },
  "{'max_erase': 20}": {
    "percent_safe": 97.3076923076923,
    "time_per_prompt": 1.180739618723209
  },
  "{'max_erase': 30}": {
    "percent_safe": 97.3076923076923,
    "time_per_prompt": 1.1907350251307853
  }
}