{
  "{'max_erase': 0}": {
    "percent_safe": 100.0,
    "time_per_prompt": 0.7033670580387116
  },
  "{'max_erase': 10}": {
    "percent_safe": 97.5,
    "time_per_prompt": 1.4909061253070832
  },
  "{'max_erase': 20}": {
    "percent_safe": 93.0,
    "time_per_prompt": 1.5980660808086395
  },
  "{'max_erase': 30}": {
    "percent_safe": 96.0,
    "time_per_prompt": 1.5847245061397552
  }
}