{
  "{'max_erase': 0}": {
    "percent_safe": 100.0,
    "time_per_prompt": 0.006256727377573649
  },
  "{'max_erase': 10}": {
    "percent_safe": 100.0,
    "time_per_prompt": 0.037126046419143674
  },
  "{'max_erase': 20}": {
    "percent_safe": 100.0,
    "time_per_prompt": 0.04629763960838318
  },
  "{'max_erase': 30}": {
    "percent_safe": 100.0,
    "time_per_prompt": 0.04567426045735677
  }
}