{
  "{'num_adv': 1}": {
    "{'max_erase': 0}": {
      "percent_safe": 100.0,
      "time_per_prompt": 0.11227636456489563
    },
    "{'max_erase': 4}": {
      "percent_safe": 97.0,
      "time_per_prompt": 5.785537713766098
    },
    "{'max_erase': 8}": {
      "percent_safe": 94.5,
      "time_per_prompt": 9.389040935039521
    },
    "{'max_erase': 12}": {
      "percent_safe": 90.5,
      "time_per_prompt": 11.268730491399765
    }
  }
}