{
  "{'num_adv': 1}": {
    "{'max_erase': 0}": {
      "percent_safe": 100.0,
      "time_per_prompt": 0.26010611057281496
    },
    "{'max_erase': 2}": {
      "percent_safe": 100.0,
      "time_per_prompt": 3.515514032046
    },
    "{'max_erase': 4}": {
      "percent_safe": 100.0,
      "time_per_prompt": 6.828274583816528
    },
    "{'max_erase': 6}": {
      "percent_safe": 96.66666666666667,
      "time_per_prompt": 9.618632706006368
    }
  },
  "{'num_adv': 2}": {
    "{'max_erase': 0}": {
      "percent_safe": 100.0,
      "time_per_prompt": 0.24974482854207355
    },
    "{'max_erase': 2}": {
      "percent_safe": 96.66666666666667,
      "time_per_prompt": 38.93284644285838
    }
  }
}