{
  "{'max_erase': 5}": {
    "certified_accuracy": [
      100.0,
      70.0,
      60.0,
      40.0,
      0.0
    ]
  },
  "{'max_erase': 10}": {
    "certified_accuracy": [
      100.0,
      66.66666666666666,
      50.0,
      36.666666666666664,
      30.0,
      20.0,
      0.0
    ]
  },
  "{'max_erase': 15}": {
    "certified_accuracy": [
      100.0,
      46.666666666666664,
      43.333333333333336,
      26.666666666666668,
      10.0,
      10.0,
      6.666666666666667,
      6.666666666666667,
      6.666666666666667,
      0.0
    ]
  },
  "{'max_erase': 20}": {
    "certified_accuracy": [
      100.0,
      33.33333333333333,
      20.0,
      13.333333333333334,
      6.666666666666667,
      3.3333333333333335,
      3.3333333333333335,
      3.3333333333333335,
      3.3333333333333335,
      3.3333333333333335,
      3.3333333333333335,
      0.0
    ]
  }
}