{
  "{'max_erase': 5}": {
    "certified_accuracy": [
      100.0,
      100.0,
      96.66666666666667,
      0.0,
      0.0
    ]
  },
  "{'max_erase': 10}": {
    "certified_accuracy": [
      100.0,
      100.0,
      100.0,
      100.0,
      93.33333333333333,
      90.0,
      0.0
    ]
  },
  "{'max_erase': 15}": {
    "certified_accuracy": [
      100.0,
      100.0,
      100.0,
      96.66666666666667,
      86.66666666666667,
      76.66666666666667,
      63.33333333333333,
      60.0,
      0.0,
      0.0
    ]
  },
  "{'max_erase': 20}": {
    "certified_accuracy": [
      100.0,
      100.0,
      100.0,
      93.33333333333333,
      80.0,
      73.33333333333333,
      60.0,
      46.666666666666664,
      40.0,
      40.0,
      30.0,
      0.0
    ]
  }
}